extract_month,part_no,part_key,buyer_code,supplier,pi_no,prev_pi,missed_pi,missed_ship_date,po_date,rcv_date,po_qty,po_amount,bc_kind,bc_cause,days_late
2024-02,763959,763959,S-PXEB02,공급사04,S-PXEB02-02-24,S-PXEB02-01-24BC,S-PXEB02-01-24,2024-01-29,2024-02-21,2024-02-01,4.0,31968.0,BC_REUSE,D. 백카톤 재사용,3.0
2024-02,7118140,7118140,S-PXEB02,공급사19,S-PXEB02-02-24,S-PXEB02-01-24BC,S-PXEB02-01-24,2024-01-29,2024-02-21,2024-01-31,100.0,25000.0,BC_REUSE,D. 백카톤 재사용,2.0
2024-02,0K56A-63-822,K56A63822,S-PXEB02,공급사13,S-PXEB02-02-24,S-PXEB02-01-24BC,S-PXEB02-01-24,2024-01-29,2024-02-21,2024-02-20,400.0,3196800.0,BC_REUSE,D. 백카톤 재사용,22.0
2024-02,18268-C9731,18268C9731,S-PXEB02,공급사07,S-PXEB02-02-24,S-PXEB02-01-24BC,S-PXEB02-01-24,2024-01-29,2024-02-21,2024-02-04,100.0,799200.0,BC_REUSE,D. 백카톤 재사용,6.0
2024-02,8682275,8682275,S-PXEB02,공급사03,S-PXEB02-02-24,S-PXEB02-01-24BC,S-PXEB02-01-24,2024-01-29,2024-02-21,2024-02-01,80.0,95040.0,BC_REUSE,D. 백카톤 재사용,3.0
2024-02,778748,778748,R-NULY02,공급사08,R-NULY02-02-24,R-NULY02-01-24BC,R-NULY02-01-24,2024-02-19,2024-02-21,2024-03-14,6.0,61800.0,BC_REPURCHASE,B. 발주 지연,24.0
2024-02,45130-D3576,45130D3576,R-MHLR01,공급사02,R-MHLR01-02-24,R-MHLR01-01-24BC,R-MHLR01-01-24,2024-02-23,2024-02-28,2024-02-03,400.0,8000000.0,BC_REUSE,D. 백카톤 재사용,
2024-02,501143,501143,R-MHLR01,공급사22,R-MHLR01-02-24,R-MHLR01-01-24BC,R-MHLR01-01-24,2024-02-23,2024-02-24,2024-03-11,10.0,200000.0,BC_REPURCHASE,B. 발주 지연,17.0
2024-02,213771,213771,R-MHLR01,공급사16,R-MHLR01-02-24,R-MHLR01-01-24BC,R-MHLR01-01-24,2024-02-23,2024-02-28,2024-02-18,80.0,10400.0,BC_REUSE,D. 백카톤 재사용,
2024-02,832002,832002,R-ZVGJ03,공급사20,R-ZVGJ03-02-24,R-ZVGJ03-01-24BC,R-ZVGJ03-01-24,2024-02-07,2024-02-09,2024-02-23,40.0,47520.0,BC_REPURCHASE,B. 발주 지연,16.0
2024-02,508995,508995,R-ZVGJ03,공급사13,R-ZVGJ03-02-24,R-ZVGJ03-01-24BC,R-ZVGJ03-01-24,2024-02-07,2024-02-09,2024-02-16,20.0,23760.0,BC_REPURCHASE,B. 발주 지연,9.0
2024-02,805582,805582,R-ZVGJ03,공급사23,R-ZVGJ03-02-24,R-ZVGJ03-01-24BC,R-ZVGJ03-01-24,2024-02-07,2024-02-13,2024-02-21,20.0,400000.0,BC_REPURCHASE,B. 발주 지연,14.0
2024-02,34789915,34789915,E-BDSA03,공급사19,E-BDSA03-02-24,E-BDSA03-01-24BC,E-BDSA03-01-24,2024-02-13,2024-02-23,2024-03-10,50.0,399600.0,BC_REPURCHASE,B. 발주 지연,26.0
2024-02,859904,859904,E-BDSA03,공급사04,E-BDSA03-02-24,E-BDSA03-01-24BC,E-BDSA03-01-24,2024-02-13,2024-02-11,2024-02-01,6.0,224400.0,BC_REUSE,D. 백카톤 재사용,
2024-02,97625-G4635,97625G4635,E-BDSA03,공급사16,E-BDSA03-02-24,E-BDSA03-01-24BC,E-BDSA03-01-24,2024-02-13,2024-02-11,2024-02-10,200.0,2060000.0,BC_REUSE,D. 백카톤 재사용,
2024-02,17332-53035,1733253035,E-ZLCP01,공급사23,E-ZLCP01-02-24,E-ZLCP01-01-24BC,E-ZLCP01-01-24,2024-02-12,2024-02-25,2024-01-30,500.0,3996000.0,BC_REUSE,D. 백카톤 재사용,
2024-02,30042110,30042110,S-CWZL02,공급사07,S-CWZL02-02-24,S-CWZL02-01-24BC,S-CWZL02-01-24,2024-02-13,2024-02-01,2024-03-31,40.0,86800.0,BC_REPURCHASE,A. 입고 지연,47.0
2024-02,1586466,1586466,S-CWZL02,공급사05,S-CWZL02-02-24,S-CWZL02-01-24BC,S-CWZL02-01-24,2024-02-13,2024-02-29,2024-02-18,10.0,21700.0,BC_REUSE,D. 백카톤 재사용,5.0
2024-02,441883,441883,S-CWZL02,공급사09,S-CWZL02-02-24,S-CWZL02-01-24BC,S-CWZL02-01-24,2024-02-13,2024-02-29,2024-02-19,40.0,47520.0,BC_REUSE,D. 백카톤 재사용,6.0
2024-02,38789-A2095,38789A2095,S-CWZL02,공급사16,S-CWZL02-02-24,S-CWZL02-01-24BC,S-CWZL02-01-24,2024-02-13,2024-02-01,2024-02-27,40.0,412000.0,BC_REPURCHASE,A. 입고 지연,14.0
2024-02,0K42A-40-159,K42A40159,S-CWZL02,공급사21,S-CWZL02-02-24,S-CWZL02-01-24BC,S-CWZL02-01-24,2024-02-13,2024-02-01,2024-02-15,500.0,594000.0,BC_REPURCHASE,A. 입고 지연,2.0
2024-02,388022,388022,S-CWZL02,공급사01,S-CWZL02-02-24,S-CWZL02-01-24BC,S-CWZL02-01-24,2024-02-13,2024-02-01,2024-02-14,40.0,412000.0,BC_REPURCHASE,A. 입고 지연,1.0
2024-02,97149-56903,9714956903,S-CWZL02,공급사10,S-CWZL02-02-24,S-CWZL02-01-24BC,S-CWZL02-01-24,2024-02-13,2024-02-01,2024-02-19,40.0,800000.0,BC_REPURCHASE,A. 입고 지연,6.0
2024-02,524645,524645,S-CWZL02,공급사06,S-CWZL02-02-24,S-CWZL02-01-24BC,S-CWZL02-01-24,2024-02-13,2024-02-01,2024-03-11,500.0,125000.0,BC_REPURCHASE,A. 입고 지연,27.0
2024-02,961482,961482,S-YKBV01,공급사14,S-YKBV01-02-24,S-YKBV01-01-24BC,S-YKBV01-01-24,2024-03-25,2024-02-27,2024-03-11,10.0,79920.0,BC_REPURCHASE,C. 입고됐는데 누락,
2024-02,357896,357896,S-YKBV01,공급사21,S-YKBV01-02-24,S-YKBV01-01-24BC,S-YKBV01-01-24,2024-03-25,2024-02-27,2024-04-03,500.0,3996000.0,BC_REPURCHASE,A. 입고 지연,9.0
2024-02,64322602,64322602,S-YKBV01,공급사02,S-YKBV01-02-24,S-YKBV01-01-24BC,S-YKBV01-01-24,2024-03-25,2024-02-27,2024-03-27,6.0,21600.0,BC_REPURCHASE,A. 입고 지연,2.0
2024-02,68174168,68174168,S-PXEB02,공급사01,S-PXEB02-03-24,S-PXEB02-02-24BC,S-PXEB02-02-24,2024-03-12,2024-02-21,2024-04-07,40.0,800000.0,BC_REPURCHASE,A. 입고 지연,26.0
2024-02,95422419,95422419,R-RYPK01,공급사04,R-RYPK01-02-24,R-RYPK01-01-24BC,R-RYPK01-01-24,2024-02-23,2024-02-06,2024-03-17,20.0,206000.0,BC_REPURCHASE,A. 입고 지연,23.0
2024-02,527182,527182,R-RYPK01,공급사07,R-RYPK01-02-24,R-RYPK01-01-24BC,R-RYPK01-01-24,2024-02-23,2024-02-06,2024-03-07,6.0,780.0,BC_REPURCHASE,A. 입고 지연,13.0
2024-02,0K56A-63-822,K56A63822,R-RYPK01,공급사13,R-RYPK01-02-24,R-RYPK01-01-24BC,R-RYPK01-01-24,2024-02-23,2024-02-06,2024-02-19,10.0,79920.0,BC_REPURCHASE,C. 입고됐는데 누락,
2024-02,0K91A-83-523,K91A83523,S-NSCP01,공급사15,S-NSCP01-03-24,S-NSCP01-02-24BC,S-NSCP01-02-24,2024-03-26,2024-02-28,2024-03-12,40.0,10000.0,BC_REPURCHASE,C. 입고됐는데 누락,
2024-02,44536589,44536589,S-NSCP01,공급사18,S-NSCP01-03-24,S-NSCP01-02-24BC,S-NSCP01-02-24,2024-03-26,2024-02-28,2024-04-11,80.0,1600000.0,BC_REPURCHASE,A. 입고 지연,16.0
2024-02,16261-39534,1626139534,S-CTNR02,공급사07,S-CTNR02-02-24,S-CTNR02-01-24BC,S-CTNR02-01-24,2024-02-25,2024-02-09,2024-03-30,500.0,450000.0,BC_REPURCHASE,A. 입고 지연,34.0
2024-02,0K58A-23-200,K58A23200,S-CTNR02,공급사15,S-CTNR02-02-24,S-CTNR02-01-24BC,S-CTNR02-01-24,2024-02-25,2024-02-09,2024-03-11,100.0,2000000.0,BC_REPURCHASE,A. 입고 지연,15.0
2024-02,89609491,89609491,S-CTNR02,공급사02,S-CTNR02-02-24,S-CTNR02-01-24BC,S-CTNR02-01-24,2024-02-25,2024-02-09,2024-03-27,400.0,360000.0,BC_REPURCHASE,A. 입고 지연,31.0
2024-02,224259,224259,S-CTNR02,공급사03,S-CTNR02-02-24,S-CTNR02-01-24BC,S-CTNR02-01-24,2024-02-25,2024-02-09,2024-03-15,2.0,4340.0,BC_REPURCHASE,A. 입고 지연,19.0
2024-02,54874-48981,5487448981,S-CTNR02,공급사02,S-CTNR02-02-24,S-CTNR02-01-24BC,S-CTNR02-01-24,2024-02-25,2024-02-27,2024-03-25,6.0,5400.0,BC_REPURCHASE,B. 발주 지연,29.0
2024-02,38789-A2095,38789A2095,S-CTNR02,공급사16,S-CTNR02-02-24,S-CTNR02-01-24BC,S-CTNR02-01-24,2024-02-25,2024-02-09,2024-04-03,1000.0,10300000.0,BC_REPURCHASE,A. 입고 지연,38.0
2024-02,29161321,29161321,S-CTNR02,공급사02,S-CTNR02-02-24,S-CTNR02-01-24BC,S-CTNR02-01-24,2024-02-25,2024-02-09,2024-02-26,500.0,1800000.0,BC_REPURCHASE,A. 입고 지연,1.0
2024-02,64517439,64517439,S-CTNR02,공급사16,S-CTNR02-02-24,S-CTNR02-01-24BC,S-CTNR02-01-24,2024-02-25,2024-02-09,2024-03-27,6.0,47952.0,BC_REPURCHASE,A. 입고 지연,31.0
2024-02,39052-13953,3905213953,S-CTNR02,공급사05,S-CTNR02-02-24,S-CTNR02-01-24BC,S-CTNR02-01-24,2024-02-25,2024-02-09,2024-03-02,500.0,1085000.0,BC_REPURCHASE,A. 입고 지연,6.0
2024-02,12380-81605,1238081605,S-CTNR02,공급사17,S-CTNR02-02-24,S-CTNR02-01-24BC,S-CTNR02-01-24,2024-02-25,2024-02-09,2024-03-04,100.0,1030000.0,BC_REPURCHASE,A. 입고 지연,8.0
2024-02,29986082,29986082,R-NULY02,공급사08,R-NULY02-03-24,R-NULY02-02-24BC,R-NULY02-02-24,2024-03-13,2024-02-24,2024-04-13,20.0,748000.0,BC_REPURCHASE,A. 입고 지연,31.0
2024-02,1740567,1740567,S-LSBT03,공급사14,S-LSBT03-02-24,S-LSBT03-01-24BC,S-LSBT03-01-24,2024-03-11,2024-02-23,2024-03-04,1000.0,37400000.0,BC_REPURCHASE,C. 입고됐는데 누락,
2024-02,0K74A-82-954,K74A82954,S-LSBT03,공급사22,S-LSBT03-02-24,S-LSBT03-01-24BC,S-LSBT03-01-24,2024-03-11,2024-02-23,2024-03-13,10.0,374000.0,BC_REPURCHASE,A. 입고 지연,2.0
2024-02,0K81A-37-247,K81A37247,S-LSBT03,공급사01,S-LSBT03-02-24,S-LSBT03-01-24BC,S-LSBT03-01-24,2024-03-11,2024-02-23,2024-03-15,40.0,800000.0,BC_REPURCHASE,A. 입고 지연,4.0
2024-02,75490137,75490137,S-LSBT03,공급사19,S-LSBT03-02-24,S-LSBT03-01-24BC,S-LSBT03-01-24,2024-03-11,2024-02-23,2024-03-19,20.0,400000.0,BC_REPURCHASE,A. 입고 지연,8.0
2024-02,642392,642392,S-LSBT03,공급사13,S-LSBT03-02-24,S-LSBT03-01-24BC,S-LSBT03-01-24,2024-03-11,2024-02-23,2024-03-18,10.0,1300.0,BC_REPURCHASE,A. 입고 지연,7.0
2024-02,29249456,29249456,S-LSBT03,공급사03,S-LSBT03-02-24,S-LSBT03-01-24BC,S-LSBT03-01-24,2024-03-11,2024-02-23,2024-04-17,6.0,15000.0,BC_REPURCHASE,A. 입고 지연,37.0
2024-02,41229-B5512,41229B5512,S-ALDC01,공급사21,S-ALDC01-02-24,S-ALDC01-01-24BC,S-ALDC01-01-24,2024-02-09,2024-02-11,2024-03-01,100.0,25000.0,BC_REPURCHASE,B. 발주 지연,21.0
2024-02,62066750,62066750,R-GKJX01,공급사04,R-GKJX01-02-24,R-GKJX01-01-24BC,R-GKJX01-01-24,2024-03-22,2024-02-20,2024-02-27,4.0,14400.0,BC_REPURCHASE,C. 입고됐는데 누락,
2024-02,107413,107413,R-GKJX01,공급사19,R-GKJX01-02-24,R-GKJX01-01-24BC,R-GKJX01-01-24,2024-03-22,2024-02-20,2024-03-23,2.0,260.0,BC_REPURCHASE,A. 입고 지연,1.0
2024-02,388022,388022,E-BDSA03,공급사01,E-BDSA03-03-24,E-BDSA03-02-24BC,E-BDSA03-02-24,2024-03-07,2024-02-11,2024-03-15,4.0,41200.0,BC_REPURCHASE,A. 입고 지연,8.0
2024-02,512180,512180,E-ZLCP01,공급사07,E-ZLCP01-03-24,E-ZLCP01-02-24BC,E-ZLCP01-02-24,2024-03-12,2024-02-25,2024-03-25,20.0,23760.0,BC_REPURCHASE,A. 입고 지연,13.0
2024-02,16261-39534,1626139534,E-ZLCP01,공급사07,E-ZLCP01-03-24,E-ZLCP01-02-24BC,E-ZLCP01-02-24,2024-03-12,2024-02-25,2024-03-17,40.0,36000.0,BC_REPURCHASE,A. 입고 지연,5.0
2024-02,97082866,97082866,E-ZLCP01,공급사10,E-ZLCP01-03-24,E-ZLCP01-02-24BC,E-ZLCP01-02-24,2024-03-12,2024-02-25,2024-04-16,400.0,100000.0,BC_REPURCHASE,A. 입고 지연,35.0
2024-02,64322602,64322602,E-ZLCP01,공급사02,E-ZLCP01-03-24,E-ZLCP01-02-24BC,E-ZLCP01-02-24,2024-03-12,2024-02-25,2024-04-14,20.0,72000.0,BC_REPURCHASE,A. 입고 지연,33.0
2024-02,2142177,2142177,E-ZLCP01,공급사19,E-ZLCP01-03-24,E-ZLCP01-02-24BC,E-ZLCP01-02-24,2024-03-12,2024-02-25,2024-03-15,20.0,43400.0,BC_REPURCHASE,A. 입고 지연,3.0
2024-02,145351,145351,E-PNYR01,공급사03,E-PNYR01-02-24,E-PNYR01-01-24BC,E-PNYR01-01-24,2024-03-07,2024-02-19,2024-04-03,200.0,4000000.0,BC_REPURCHASE,A. 입고 지연,27.0
2024-02,30011-67594,3001167594,E-PNYR01,공급사20,E-PNYR01-02-24,E-PNYR01-01-24BC,E-PNYR01-01-24,2024-03-07,2024-02-19,2024-04-03,50.0,1870000.0,BC_REPURCHASE,A. 입고 지연,27.0
2024-02,36642621,36642621,E-PNYR01,공급사07,E-PNYR01-02-24,E-PNYR01-01-24BC,E-PNYR01-01-24,2024-03-07,2024-02-19,2024-03-22,2.0,15984.0,BC_REPURCHASE,A. 입고 지연,15.0
2024-02,35977420,35977420,E-PNYR01,공급사13,E-PNYR01-02-24,E-PNYR01-01-24BC,E-PNYR01-01-24,2024-03-07,2024-02-19,2024-04-08,10.0,374000.0,BC_REPURCHASE,A. 입고 지연,32.0
2024-02,53919D6253,53919D6253,E-PNYR01,공급사18,E-PNYR01-02-24,E-PNYR01-01-24BC,E-PNYR01-01-24,2024-03-07,2024-02-19,2024-04-17,200.0,2060000.0,BC_REPURCHASE,A. 입고 지연,41.0
2024-02,92051427,92051427,E-PNYR01,공급사10,E-PNYR01-02-24,E-PNYR01-01-24BC,E-PNYR01-01-24,2024-03-07,2024-02-19,2024-03-05,6.0,224400.0,BC_REPURCHASE,C. 입고됐는데 누락,
2024-02,40142-55343,4014255343,E-PNYR01,공급사01,E-PNYR01-02-24,E-PNYR01-01-24BC,E-PNYR01-01-24,2024-03-07,2024-02-19,2024-03-27,200.0,50000.0,BC_REPURCHASE,A. 입고 지연,20.0
2024-02,0K34A-45-934,K34A45934,S-CWZL02,공급사24,S-CWZL02-03-24,S-CWZL02-02-24BC,S-CWZL02-02-24,2024-03-22,2024-02-29,2024-03-11,400.0,1440000.0,BC_REPURCHASE,C. 입고됐는데 누락,
2024-02,271994,271994,S-CWZL02,공급사17,S-CWZL02-03-24,S-CWZL02-02-24BC,S-CWZL02-02-24,2024-03-22,2024-02-29,2024-03-24,6.0,7128.0,BC_REPURCHASE,A. 입고 지연,2.0
2024-02,993318,993318,E-UCFJ02,공급사19,E-UCFJ02-02-24,E-UCFJ02-01-24BC,E-UCFJ02-01-24,2024-03-10,2024-02-27,2024-03-11,80.0,95040.0,BC_REPURCHASE,A. 입고 지연,1.0
2024-02,80979-E4162,80979E4162,E-UCFJ02,공급사16,E-UCFJ02-02-24,E-UCFJ02-01-24BC,E-UCFJ02-01-24,2024-03-10,2024-02-27,2024-03-15,6.0,21600.0,BC_REPURCHASE,A. 입고 지연,5.0
2024-02,25296B3687,25296B3687,E-UCFJ02,공급사16,E-UCFJ02-02-24,E-UCFJ02-01-24BC,E-UCFJ02-01-24,2024-03-10,2024-02-27,2024-03-11,1000.0,2170000.0,BC_REPURCHASE,A. 입고 지연,1.0
2024-02,45179928,45179928,E-UCFJ02,공급사05,E-UCFJ02-02-24,E-UCFJ02-01-24BC,E-UCFJ02-01-24,2024-03-10,2024-02-27,2024-03-27,4.0,41200.0,BC_REPURCHASE,A. 입고 지연,17.0
2024-02,89911-16414,8991116414,E-UCFJ02,공급사16,E-UCFJ02-02-24,E-UCFJ02-01-24BC,E-UCFJ02-01-24,2024-03-10,2024-02-27,2024-03-22,50.0,6500.0,BC_REPURCHASE,A. 입고 지연,12.0
2024-02,0K85A-57-647,K85A57647,E-UCFJ02,공급사17,E-UCFJ02-02-24,E-UCFJ02-01-24BC,E-UCFJ02-01-24,2024-03-10,2024-02-27,2024-03-14,40.0,10000.0,BC_REPURCHASE,A. 입고 지연,4.0
2024-02,1931993,1931993,E-UCFJ02,공급사04,E-UCFJ02-02-24,E-UCFJ02-01-24BC,E-UCFJ02-01-24,2024-03-10,2024-02-27,2024-03-11,6.0,61800.0,BC_REPURCHASE,A. 입고 지연,1.0
2024-02,97534-73645,9753473645,S-BCHG03,공급사13,S-BCHG03-02-24,S-BCHG03-01-24BC,S-BCHG03-01-24,2024-02-17,2024-02-21,2024-04-15,200.0,237600.0,BC_REPURCHASE,B. 발주 지연,58.0
2024-02,49516-95130,4951695130,E-MEYJ03,공급사22,E-MEYJ03-02-24,E-MEYJ03-01-24BC,E-MEYJ03-01-24,2024-03-10,2024-02-09,2024-03-14,40.0,47520.0,BC_REPURCHASE,A. 입고 지연,4.0
2024-02,0K16A-90-249,K16A90249,E-FNBP01,공급사17,E-FNBP01-02-24,E-FNBP01-01-24BC,E-FNBP01-01-24,2024-03-02,2024-02-15,2024-03-10,4.0,41200.0,BC_REPURCHASE,A. 입고 지연,8.0
2024-02,82473-05988,8247305988,E-FNBP01,공급사19,E-FNBP01-02-24,E-FNBP01-01-24BC,E-FNBP01-01-24,2024-03-02,2024-02-15,2024-03-13,100.0,13000.0,BC_REPURCHASE,A. 입고 지연,11.0
2024-02,687892,687892,R-MHLR01,공급사01,R-MHLR01-03-24,R-MHLR01-02-24BC,R-MHLR01-02-24,2024-03-20,2024-02-28,2024-03-17,6.0,7128.0,BC_REPURCHASE,C. 입고됐는데 누락,
2024-02,853365,853365,R-MHLR01,공급사10,R-MHLR01-03-24,R-MHLR01-02-24BC,R-MHLR01-02-24,2024-03-20,2024-02-28,2024-03-28,50.0,6500.0,BC_REPURCHASE,A. 입고 지연,8.0
2024-02,159368,159368,R-MHLR01,공급사13,R-MHLR01-03-24,R-MHLR01-02-24BC,R-MHLR01-02-24,2024-03-20,2024-02-28,2024-03-28,40.0,10000.0,BC_REPURCHASE,A. 입고 지연,8.0
2024-02,64478973,64478973,R-MHLR01,공급사02,R-MHLR01-03-24,R-MHLR01-02-24BC,R-MHLR01-02-24,2024-03-20,2024-02-28,2024-03-29,1000.0,900000.0,BC_REPURCHASE,A. 입고 지연,9.0
2024-02,24318-A8474,24318A8474,R-MHLR01,공급사17,R-MHLR01-03-24,R-MHLR01-02-24BC,R-MHLR01-02-24,2024-03-20,2024-02-28,2024-03-22,100.0,3740000.0,BC_REPURCHASE,A. 입고 지연,2.0
2024-02,29283069,29283069,S-SPPL01,공급사14,S-SPPL01-02-24,S-SPPL01-01-24BC,S-SPPL01-01-24,2024-03-06,2024-02-06,2024-02-21,100.0,13000.0,BC_REPURCHASE,C. 입고됐는데 누락,
2024-02,760148,760148,S-SPPL01,공급사06,S-SPPL01-02-24,S-SPPL01-01-24BC,S-SPPL01-01-24,2024-03-06,2024-02-06,2024-03-01,80.0,173600.0,BC_REPURCHASE,C. 입고됐는데 누락,
2024-02,0K98A-43-828,K98A43828,S-SPPL01,공급사18,S-SPPL01-02-24,S-SPPL01-01-24BC,S-SPPL01-01-24,2024-03-06,2024-02-06,2024-04-04,2.0,20600.0,BC_REPURCHASE,A. 입고 지연,29.0
2024-04,0K56A-70-597,K56A70597,S-YKBV01,공급사11,S-YKBV01-02-24,S-YKBV01-01-24BC,S-YKBV01-01-24,2024-03-25,2024-04-03,2024-04-18,500.0,125000.0,BC_REPURCHASE,B. 발주 지연,24.0
2024-04,69300764,69300764,R-NULY02,공급사17,R-NULY02-04-24,R-NULY02-03-24BC,R-NULY02-03-24,2024-04-10,2024-04-15,2024-05-01,4.0,4752.0,BC_REPURCHASE,B. 발주 지연,21.0
2024-04,41297-A2299,41297A2299,R-NULY02,공급사02,R-NULY02-04-24,R-NULY02-03-24BC,R-NULY02-03-24,2024-04-10,2024-04-12,2024-03-18,80.0,2992000.0,BC_REUSE,D. 백카톤 재사용,
2024-04,95422419,95422419,E-MDHY02,공급사04,E-MDHY02-02-24,E-MDHY02-01-24BC,E-MDHY02-01-24,2024-02-19,2024-04-28,2024-02-09,50.0,515000.0,BC_REUSE,D. 백카톤 재사용,
2024-04,89406-03475,8940603475,E-MDHY02,공급사19,E-MDHY02-02-24,E-MDHY02-01-24BC,E-MDHY02-01-24,2024-02-19,2024-04-28,2024-02-20,40.0,144000.0,BC_REUSE,D. 백카톤 재사용,1.0
2024-04,516338,516338,E-MDHY02,공급사02,E-MDHY02-02-24,E-MDHY02-01-24BC,E-MDHY02-01-24,2024-02-19,2024-04-28,2024-03-24,100.0,3740000.0,BC_REUSE,D. 백카톤 재사용,34.0
2024-04,17117895,17117895,E-ZBNV02,공급사17,E-ZBNV02-03-24,E-ZBNV02-02-24BC,E-ZBNV02-02-24,2024-03-02,2024-04-17,2024-04-05,2.0,1800.0,BC_REUSE,D. 백카톤 재사용,34.0
2024-04,64478973,64478973,E-UCFJ02,공급사02,E-UCFJ02-02-24,E-UCFJ02-01-24BC,E-UCFJ02-01-24,2024-03-10,2024-04-18,2024-03-11,1000.0,900000.0,BC_REUSE,D. 백카톤 재사용,1.0
2024-04,623861,623861,E-UCFJ02,공급사22,E-UCFJ02-02-24,E-UCFJ02-01-24BC,E-UCFJ02-01-24,2024-03-10,2024-04-18,2024-03-12,1000.0,10300000.0,BC_REUSE,D. 백카톤 재사용,2.0
2024-04,65808-A6938,65808A6938,R-GKJX01,공급사18,R-GKJX01-03-24,R-GKJX01-02-24BC,R-GKJX01-02-24,2024-04-25,2024-04-28,2024-05-04,2.0,4340.0,BC_REPURCHASE,B. 발주 지연,9.0
2024-04,0K75A-43-691,K75A43691,S-YSMR03,공급사07,S-YSMR03-03-24,S-YSMR03-02-24BC,S-YSMR03-02-24,2024-04-19,2024-04-20,2024-05-31,1000.0,900000.0,BC_REPURCHASE,B. 발주 지연,42.0
2024-04,19033-14218,1903314218,S-KKMK01,공급사18,S-KKMK01-02-24,S-KKMK01-01-24BC,S-KKMK01-01-24,2024-03-25,2024-04-24,2024-04-21,2.0,260.0,BC_REUSE,D. 백카톤 재사용,27.0
2024-04,15183-03058,1518303058,S-KKMK01,공급사02,S-KKMK01-02-24,S-KKMK01-01-24BC,S-KKMK01-01-24,2024-03-25,2024-04-02,2024-04-26,50.0,1870000.0,BC_REPURCHASE,B. 발주 지연,32.0
2024-04,32960-47882,3296047882,S-KKMK01,공급사10,S-KKMK01-02-24,S-KKMK01-01-24BC,S-KKMK01-01-24,2024-03-25,2024-04-24,2024-03-27,400.0,100000.0,BC_REUSE,D. 백카톤 재사용,2.0
2024-04,192274,192274,S-KKMK01,공급사15,S-KKMK01-02-24,S-KKMK01-01-24BC,S-KKMK01-01-24,2024-03-25,2024-04-24,2024-04-18,20.0,748000.0,BC_REUSE,D. 백카톤 재사용,24.0
2024-04,21890-56602,2189056602,E-RDFH02,공급사08,E-RDFH02-02-24,E-RDFH02-01-24BC,E-RDFH02-01-24,2024-03-15,2024-04-17,2024-03-20,10.0,200000.0,BC_REUSE,D. 백카톤 재사용,5.0
2024-04,28179-95227,2817995227,E-RDFH02,공급사14,E-RDFH02-02-24,E-RDFH02-01-24BC,E-RDFH02-01-24,2024-03-15,2024-04-17,2024-03-09,500.0,65000.0,BC_REUSE,D. 백카톤 재사용,
2024-04,21552-62988,2155262988,E-RDFH02,공급사09,E-RDFH02-02-24,E-RDFH02-01-24BC,E-RDFH02-01-24,2024-03-15,2024-04-17,2024-04-13,500.0,3996000.0,BC_REUSE,D. 백카톤 재사용,29.0
2024-04,93553504,93553504,E-RDFH02,공급사01,E-RDFH02-02-24,E-RDFH02-01-24BC,E-RDFH02-01-24,2024-03-15,2024-04-17,2024-03-18,1000.0,250000.0,BC_REUSE,D. 백카톤 재사용,3.0
2024-04,19033-14218,1903314218,S-YKBV01,공급사18,S-YKBV01-04-24,S-YKBV01-03-24BC,S-YKBV01-03-24,2024-05-08,2024-04-17,2024-05-18,200.0,26000.0,BC_REPURCHASE,A. 입고 지연,10.0
2024-04,0K70A-73-374,K70A73374,S-YKBV01,공급사18,S-YKBV01-04-24,S-YKBV01-03-24BC,S-YKBV01-03-24,2024-05-08,2024-04-17,2024-05-24,10.0,25000.0,BC_REPURCHASE,A. 입고 지연,16.0
2024-04,512180,512180,S-YKBV01,공급사07,S-YKBV01-04-24,S-YKBV01-03-24BC,S-YKBV01-03-24,2024-05-08,2024-04-17,2024-05-05,4.0,4752.0,BC_REPURCHASE,C. 입고됐는데 누락,
2024-04,297245,297245,S-YKBV01,공급사21,S-YKBV01-04-24,S-YKBV01-03-24BC,S-YKBV01-03-24,2024-05-08,2024-04-17,2024-05-31,400.0,100000.0,BC_REPURCHASE,A. 입고 지연,23.0
2024-04,80903-46760,8090346760,E-NDKN03,공급사08,E-NDKN03-02-24,E-NDKN03-01-24BC,E-NDKN03-01-24,2024-04-20,2024-04-24,2024-05-17,1000.0,130000.0,BC_REPURCHASE,B. 발주 지연,27.0
2024-04,587026,587026,S-CTNR02,공급사21,S-CTNR02-04-24,S-CTNR02-03-24BC,S-CTNR02-03-24,2024-05-02,2024-04-08,2024-05-10,80.0,72000.0,BC_REPURCHASE,A. 입고 지연,8.0
2024-04,32159551,32159551,S-CTNR02,공급사07,S-CTNR02-04-24,S-CTNR02-03-24BC,S-CTNR02-03-24,2024-05-02,2024-04-08,2024-04-22,200.0,1598400.0,BC_REPURCHASE,C. 입고됐는데 누락,
2024-04,89609491,89609491,S-CTNR02,공급사02,S-CTNR02-04-24,S-CTNR02-03-24BC,S-CTNR02-03-24,2024-05-02,2024-04-08,2024-05-04,500.0,450000.0,BC_REPURCHASE,A. 입고 지연,2.0
2024-04,0K88A-30-423,K88A30423,S-CTNR02,공급사07,S-CTNR02-04-24,S-CTNR02-03-24BC,S-CTNR02-03-24,2024-05-02,2024-04-08,2024-05-17,400.0,8000000.0,BC_REPURCHASE,A. 입고 지연,15.0
2024-04,36628-31554,3662831554,S-CTNR02,공급사25,S-CTNR02-04-24,S-CTNR02-03-24BC,S-CTNR02-03-24,2024-05-02,2024-04-08,2024-05-26,40.0,1496000.0,BC_REPURCHASE,A. 입고 지연,24.0
2024-04,0K81A-71-955,K81A71955,S-CTNR02,공급사25,S-CTNR02-04-24,S-CTNR02-03-24BC,S-CTNR02-03-24,2024-05-02,2024-04-08,2024-05-14,200.0,720000.0,BC_REPURCHASE,A. 입고 지연,12.0
2024-04,12380-81605,1238081605,S-CTNR02,공급사17,S-CTNR02-04-24,S-CTNR02-03-24BC,S-CTNR02-03-24,2024-05-02,2024-04-08,2024-05-22,80.0,824000.0,BC_REPURCHASE,A. 입고 지연,20.0
2024-04,0K23A-41-565,K23A41565,S-CTNR02,공급사09,S-CTNR02-04-24,S-CTNR02-03-24BC,S-CTNR02-03-24,2024-05-02,2024-04-08,2024-05-24,400.0,100000.0,BC_REPURCHASE,A. 입고 지연,22.0
2024-04,186628,186628,E-MDHY02,공급사10,E-MDHY02-03-24,E-MDHY02-02-24BC,E-MDHY02-02-24,2024-05-13,2024-04-28,2024-05-13,6.0,21600.0,BC_REPURCHASE,C. 입고됐는데 누락,
2024-04,48124752,48124752,E-MDHY02,공급사03,E-MDHY02-03-24,E-MDHY02-02-24BC,E-MDHY02-02-24,2024-05-13,2024-04-28,2024-05-20,4.0,1000.0,BC_REPURCHASE,A. 입고 지연,7.0
2024-04,35697535,35697535,E-MDHY02,공급사03,E-MDHY02-03-24,E-MDHY02-02-24BC,E-MDHY02-02-24,2024-05-13,2024-04-28,,100.0,217000.0,BC_OPEN,미입고,
2024-04,62858726,62858726,E-MDHY02,공급사16,E-MDHY02-03-24,E-MDHY02-02-24BC,E-MDHY02-02-24,2024-05-13,2024-04-28,2024-05-22,4.0,520.0,BC_REPURCHASE,A. 입고 지연,9.0
2024-04,64667109,64667109,E-MDHY02,공급사18,E-MDHY02-03-24,E-MDHY02-02-24BC,E-MDHY02-02-24,2024-05-13,2024-04-28,,100.0,13000.0,BC_OPEN,미입고,
2024-04,68854192,68854192,E-MDHY02,공급사23,E-MDHY02-03-24,E-MDHY02-02-24BC,E-MDHY02-02-24,2024-05-13,2024-04-28,,80.0,824000.0,BC_OPEN,미입고,
2024-04,0K40A-40-199,K40A40199,E-MDHY02,공급사06,E-MDHY02-03-24,E-MDHY02-02-24BC,E-MDHY02-02-24,2024-05-13,2024-04-28,,4.0,3600.0,BC_OPEN,미입고,
2024-04,0K40A-51-670,K40A51670,E-MDHY02,공급사10,E-MDHY02-03-24,E-MDHY02-02-24BC,E-MDHY02-02-24,2024-05-13,2024-04-28,,50.0,6500.0,BC_OPEN,미입고,
2024-04,52493-37387,5249337387,E-MDHY02,공급사21,E-MDHY02-03-24,E-MDHY02-02-24BC,E-MDHY02-02-24,2024-05-13,2024-04-28,2024-05-19,10.0,36000.0,BC_REPURCHASE,A. 입고 지연,6.0
2024-04,30042110,30042110,E-MDHY02,공급사07,E-MDHY02-03-24,E-MDHY02-02-24BC,E-MDHY02-02-24,2024-05-13,2024-04-28,,2.0,4340.0,BC_OPEN,미입고,
2024-04,44829-D9371,44829D9371,E-MDHY02,공급사12,E-MDHY02-03-24,E-MDHY02-02-24BC,E-MDHY02-02-24,2024-05-13,2024-04-28,2024-05-14,80.0,2992000.0,BC_REPURCHASE,A. 입고 지연,1.0
2024-04,96292010,96292010,E-ZBNV02,공급사17,E-ZBNV02-04-24,E-ZBNV02-03-24BC,E-ZBNV02-03-24,2024-05-14,2024-04-17,2024-05-28,1000.0,10300000.0,BC_REPURCHASE,A. 입고 지연,14.0
2024-04,451818,451818,E-ZBNV02,공급사08,E-ZBNV02-04-24,E-ZBNV02-03-24BC,E-ZBNV02-03-24,2024-05-14,2024-04-17,2024-05-30,2.0,20600.0,BC_REPURCHASE,A. 입고 지연,16.0
2024-04,33689-C2370,33689C2370,E-ZBNV02,공급사18,E-ZBNV02-04-24,E-ZBNV02-03-24BC,E-ZBNV02-03-24,2024-05-14,2024-04-17,2024-05-19,40.0,319680.0,BC_REPURCHASE,A. 입고 지연,5.0
2024-04,297544,297544,E-ZBNV02,공급사02,E-ZBNV02-04-24,E-ZBNV02-03-24BC,E-ZBNV02-03-24,2024-05-14,2024-04-17,,6.0,21600.0,BC_OPEN,미입고,
2024-04,39245-F4667,39245F4667,E-ZBNV02,공급사02,E-ZBNV02-04-24,E-ZBNV02-03-24BC,E-ZBNV02-03-24,2024-05-14,2024-04-17,,400.0,8000000.0,BC_OPEN,미입고,
2024-04,47577-34164,4757734164,E-BDSA03,공급사22,E-BDSA03-04-24,E-BDSA03-03-24BC,E-BDSA03-03-24,2024-04-11,2024-04-13,2024-05-26,20.0,2600.0,BC_REPURCHASE,B. 발주 지연,45.0
2024-04,85121667,85121667,S-KKMK01,공급사13,S-KKMK01-03-24,S-KKMK01-02-24BC,S-KKMK01-02-24,2024-05-18,2024-04-24,2024-05-10,20.0,23760.0,BC_REPURCHASE,C. 입고됐는데 누락,
2024-04,489870,489870,E-RDFH02,공급사03,E-RDFH02-03-24,E-RDFH02-02-24BC,E-RDFH02-02-24,2024-05-08,2024-04-17,2024-05-04,2.0,15984.0,BC_REPURCHASE,C. 입고됐는데 누락,
2024-04,47577-34164,4757734164,E-RDFH02,공급사22,E-RDFH02-03-24,E-RDFH02-02-24BC,E-RDFH02-02-24,2024-05-08,2024-04-17,2024-04-23,20.0,2600.0,BC_REPURCHASE,C. 입고됐는데 누락,
2024-04,93553504,93553504,E-RDFH02,공급사01,E-RDFH02-03-24,E-RDFH02-02-24BC,E-RDFH02-02-24,2024-05-08,2024-04-17,2024-05-11,400.0,100000.0,BC_REPURCHASE,A. 입고 지연,3.0
2024-04,85698-H1499,85698H1499,E-RDFH02,공급사01,E-RDFH02-03-24,E-RDFH02-02-24BC,E-RDFH02-02-24,2024-05-08,2024-04-17,2024-05-09,200.0,720000.0,BC_REPURCHASE,A. 입고 지연,1.0
2024-04,975150,975150,E-RDFH02,공급사02,E-RDFH02-03-24,E-RDFH02-02-24BC,E-RDFH02-02-24,2024-05-08,2024-04-17,,100.0,1030000.0,BC_OPEN,미입고,
2024-04,184122,184122,E-RDFH02,공급사14,E-RDFH02-03-24,E-RDFH02-02-24BC,E-RDFH02-02-24,2024-05-08,2024-04-17,2024-04-25,20.0,748000.0,BC_REPURCHASE,C. 입고됐는데 누락,
2024-04,72594-16066,7259416066,E-RDFH02,공급사23,E-RDFH02-03-24,E-RDFH02-02-24BC,E-RDFH02-02-24,2024-05-08,2024-04-17,2024-04-23,2.0,4340.0,BC_REPURCHASE,C. 입고됐는데 누락,
2024-04,19405872,19405872,S-CWZL02,공급사15,S-CWZL02-04-24,S-CWZL02-03-24BC,S-CWZL02-03-24,2024-04-10,2024-04-18,2024-05-10,200.0,7480000.0,BC_REPURCHASE,B. 발주 지연,30.0
2024-04,0K42A-40-159,K42A40159,S-CWZL02,공급사21,S-CWZL02-04-24,S-CWZL02-03-24BC,S-CWZL02-03-24,2024-04-10,2024-04-14,2024-04-16,2.0,2376.0,BC_REPURCHASE,B. 발주 지연,6.0
2024-04,567420,567420,E-MEYJ03,공급사12,E-MEYJ03-03-24,E-MEYJ03-02-24BC,E-MEYJ03-02-24,2024-05-09,2024-04-12,2024-05-15,400.0,1440000.0,BC_REPURCHASE,A. 입고 지연,6.0
2024-04,9714956903,9714956903,E-MEYJ03,공급사10,E-MEYJ03-03-24,E-MEYJ03-02-24BC,E-MEYJ03-02-24,2024-05-09,2024-04-12,2024-04-13,200.0,4000000.0,BC_REPURCHASE,C. 입고됐는데 누락,
