supplier,part_key,ship_pi,ship_date,po_date,po_amount,p80_lead,order_by_date,ordered_late,became_bc
공급사01,2176447545,E-BDSA03-02-24,2024-03-07,2024-02-11,7480000.0,18,2024-02-18,0,0
공급사01,2176447545,S-YSMR03-03-24,2024-05-12,2024-04-20,3740000.0,18,2024-04-24,0,0
공급사01,23982K3651,S-FEUB02-01-24,2024-05-13,2024-04-24,360000.0,18,2024-04-25,0,0
공급사01,314939,E-RDFH02-02-24,2024-05-08,2024-04-17,125000.0,18,2024-04-20,0,0
공급사01,388022,E-BDSA03-02-24,2024-03-07,2024-02-11,41200.0,18,2024-02-18,0,1
공급사01,388022,S-CWZL02-01-24,2024-02-13,2024-02-01,412000.0,18,2024-01-26,1,1
공급사01,4014255343,E-PNYR01-01-24,2024-03-07,2024-02-19,50000.0,18,2024-02-18,1,1
공급사01,659050,S-YKBV01-01-24,2024-03-25,2024-02-27,475200.0,18,2024-03-07,0,0
공급사01,68174168,S-PXEB02-02-24,2024-03-12,2024-02-21,800000.0,18,2024-02-23,0,1
공급사01,687892,R-MHLR01-02-24,2024-03-20,2024-02-28,7128.0,18,2024-03-02,0,1
공급사01,85698H1499,E-RDFH02-02-24,2024-05-08,2024-04-17,720000.0,18,2024-04-20,0,1
공급사01,85698H1499,S-YSMR03-03-24,2024-05-12,2024-04-20,360000.0,18,2024-04-24,0,0
공급사01,93553504,E-RDFH02-02-24,2024-05-08,2024-04-17,100000.0,18,2024-04-20,0,1
공급사01,9365145419,S-YSMR03-03-24,2024-05-12,2024-04-20,10300000.0,18,2024-04-24,0,0
공급사01,K81A37247,S-LSBT03-01-24,2024-03-11,2024-02-23,800000.0,18,2024-02-22,1,1
공급사02,18610G7686,E-DKGD02-01-24,2024-05-18,2024-04-16,10000.0,18,2024-04-30,0,0
공급사02,29161321,S-CTNR02-01-24,2024-02-25,2024-02-09,1800000.0,18,2024-02-07,1,1
공급사02,34193052,E-DKGD02-01-24,2024-05-18,2024-04-16,206000.0,18,2024-04-30,0,0
공급사02,39245F4667,E-ZBNV02-02-24,2024-03-02,2024-02-06,120000.0,18,2024-02-13,0,0
공급사02,45130D3576,R-MHLR01-02-24,2024-03-20,2024-02-28,200000.0,18,2024-03-02,0,0
공급사02,45130D3576,R-RYPK01-01-24,2024-02-23,2024-02-06,20000000.0,18,2024-02-05,1,0
공급사02,5487448981,R-NULY02-02-24,2024-03-13,2024-02-24,360000.0,18,2024-02-24,0,0
공급사02,642341,E-DKGD02-01-24,2024-05-18,2024-04-16,1500.0,18,2024-04-30,0,0
공급사02,64322602,E-ZLCP01-02-24,2024-03-12,2024-02-25,72000.0,18,2024-02-23,1,1
공급사02,64322602,S-YKBV01-01-24,2024-03-25,2024-02-27,21600.0,18,2024-03-07,0,1
공급사02,64478973,R-GKJX01-03-24,2024-05-18,2024-04-20,18000.0,18,2024-04-30,0,0
공급사02,64478973,R-MHLR01-02-24,2024-03-20,2024-02-28,900000.0,18,2024-03-02,0,1
공급사02,77076828,E-MEYJ03-02-24,2024-05-09,2024-04-12,4000000.0,18,2024-04-21,0,0
공급사02,78484F8659,S-LSBT03-01-24,2024-03-11,2024-02-23,20000000.0,18,2024-02-22,1,0
공급사02,89609491,S-CTNR02-01-24,2024-02-25,2024-02-09,360000.0,18,2024-02-07,1,1
공급사02,89609491,S-CTNR02-03-24,2024-05-02,2024-04-08,450000.0,18,2024-04-14,0,1
공급사02,96408J6111,S-CTNR02-03-24,2024-05-02,2024-04-08,250000.0,18,2024-04-14,0,0
공급사03,145351,E-PNYR01-01-24,2024-03-07,2024-02-19,4000000.0,18,2024-02-18,1,1
공급사03,224259,S-CTNR02-01-24,2024-02-25,2024-02-09,4340.0,18,2024-02-07,1,1
공급사03,29249456,E-MEYJ03-02-24,2024-05-09,2024-04-12,125000.0,18,2024-04-21,0,0
공급사03,29249456,S-LSBT03-01-24,2024-03-11,2024-02-23,15000.0,18,2024-02-22,1,1
공급사03,3044594659,E-BDSA03-02-24,2024-03-07,2024-02-11,90000.0,18,2024-02-18,0,0
공급사03,48124752,E-MDHY02-02-24,2024-05-13,2024-04-28,1000.0,18,2024-04-25,1,1
공급사03,489870,E-RDFH02-02-24,2024-05-08,2024-04-17,15984.0,18,2024-04-20,0,1
공급사03,64520992,R-RYPK01-01-24,2024-02-23,2024-02-06,799200.0,18,2024-02-05,1,0
공급사03,8682275,E-RDFH02-02-24,2024-05-08,2024-04-17,594000.0,18,2024-04-20,0,0
공급사03,K84A57164,E-DKGD02-01-24,2024-05-18,2024-04-16,144000.0,18,2024-04-30,0,0
공급사03,K85A11910,S-LSBT03-01-24,2024-03-11,2024-02-23,250000.0,18,2024-02-22,1,0
공급사04,135365,S-CWZL02-02-24,2024-03-22,2024-02-29,90000.0,18,2024-03-04,0,0
공급사04,1931993,E-UCFJ02-01-24,2024-03-10,2024-02-27,61800.0,18,2024-02-21,1,1
공급사04,1931993,E-UCFJ02-02-24,2024-05-05,2024-04-18,1030000.0,18,2024-04-17,1,0
공급사04,1931993,S-BCHG03-02-24,2024-05-20,2024-04-18,103000.0,18,2024-05-02,0,0
공급사04,2976087680,E-UCFJ02-02-24,2024-05-05,2024-04-18,1500.0,18,2024-04-17,1,0
공급사04,342880,S-CWZL02-02-24,2024-03-22,2024-02-29,5000.0,18,2024-03-04,0,0
공급사04,342880,S-SPPL01-01-24,2024-03-06,2024-02-06,500000.0,18,2024-02-17,0,0
공급사04,62066750,R-GKJX01-01-24,2024-03-22,2024-02-20,14400.0,18,2024-03-04,0,1
공급사04,7819708105,E-ZBNV02-03-24,2024-05-14,2024-04-17,7480000.0,18,2024-04-26,0,0
공급사04,859904,R-RYPK01-01-24,2024-02-23,2024-02-06,1870000.0,18,2024-02-05,1,0
공급사04,95422419,E-MDHY02-02-24,2024-05-13,2024-04-28,103000.0,18,2024-04-25,1,0
공급사04,95422419,R-RYPK01-01-24,2024-02-23,2024-02-06,206000.0,18,2024-02-05,1,1
공급사04,K89A68295,E-ZBNV02-03-24,2024-05-14,2024-04-17,8680.0,18,2024-04-26,0,0
공급사05,1943795096,E-UCFJ02-02-24,2024-05-05,2024-04-18,3196800.0,18,2024-04-17,1,0
공급사05,1943795096,S-YKBV01-03-24,2024-05-08,2024-04-17,159840.0,18,2024-04-20,0,0
공급사05,33001939,S-FEUB02-01-24,2024-05-13,2024-04-24,8000000.0,18,2024-04-25,0,0
공급사05,3905213953,S-CTNR02-01-24,2024-02-25,2024-02-09,1085000.0,18,2024-02-07,1,1
공급사05,45179928,E-UCFJ02-01-24,2024-03-10,2024-02-27,41200.0,18,2024-02-21,1,1
공급사05,45179928,E-UCFJ02-02-24,2024-05-05,2024-04-18,824000.0,18,2024-04-17,1,0
공급사05,489857,S-FEUB02-01-24,2024-05-13,2024-04-24,2170000.0,18,2024-04-25,0,0
공급사05,6199827075,S-BCHG03-02-24,2024-05-20,2024-04-18,72000.0,18,2024-05-02,0,0
공급사05,67860010,E-MEYJ03-01-24,2024-03-10,2024-02-09,1496000.0,18,2024-02-21,0,0
공급사05,67860010,S-CTNR02-01-24,2024-02-25,2024-02-09,224400.0,18,2024-02-07,1,0
공급사05,689167,E-RDFH02-02-24,2024-05-08,2024-04-17,4120000.0,18,2024-04-20,0,0
공급사05,7568876341,E-ZBNV02-03-24,2024-05-14,2024-04-17,15984.0,18,2024-04-26,0,0
공급사05,9846894457,E-PNYR01-01-24,2024-03-07,2024-02-19,125000.0,18,2024-02-18,1,0
공급사05,K96A29526,E-DKGD02-01-24,2024-05-18,2024-04-16,200000.0,18,2024-04-30,0,0
공급사05,K96A29526,S-YKBV01-01-24,2024-03-25,2024-02-27,200000.0,18,2024-03-07,0,0
공급사05,K96A29526,S-YKBV01-03-24,2024-05-08,2024-04-17,8000000.0,18,2024-04-20,0,0
공급사06,289514,E-UCFJ02-02-24,2024-05-05,2024-04-18,118800.0,18,2024-04-17,1,0
공급사06,524645,S-CWZL02-01-24,2024-02-13,2024-02-01,125000.0,18,2024-01-26,1,1
공급사06,624090,E-MEYJ03-02-24,2024-05-09,2024-04-12,206000.0,18,2024-04-21,0,0
공급사06,73331H7461,R-RYPK01-01-24,2024-02-23,2024-02-06,41200.0,18,2024-02-05,1,0
공급사06,73331H7461,S-YKBV01-03-24,2024-05-08,2024-04-17,103000.0,18,2024-04-20,0,0
공급사06,760148,S-SPPL01-01-24,2024-03-06,2024-02-06,173600.0,18,2024-02-17,0,1
공급사06,901782,S-SPPL01-01-24,2024-03-06,2024-02-06,434000.0,18,2024-02-17,0,0
공급사07,1626139534,E-ZLCP01-02-24,2024-03-12,2024-02-25,36000.0,18,2024-02-23,1,1
공급사07,1626139534,S-CTNR02-01-24,2024-02-25,2024-02-09,450000.0,18,2024-02-07,1,1
공급사07,18268C9731,E-UCFJ02-02-24,2024-05-05,2024-04-18,639360.0,18,2024-04-17,1,0
공급사07,18268C9731,S-CTNR02-03-24,2024-05-02,2024-04-08,79920.0,18,2024-04-14,0,0
공급사07,229034,S-KKMK01-02-24,2024-05-18,2024-04-24,18700000.0,18,2024-04-30,0,0
공급사07,30042110,S-CWZL02-01-24,2024-02-13,2024-02-01,86800.0,18,2024-01-26,1,1
공급사07,32159551,S-CTNR02-01-24,2024-02-25,2024-02-09,159840.0,18,2024-02-07,1,0
공급사07,32159551,S-CTNR02-03-24,2024-05-02,2024-04-08,1598400.0,18,2024-04-14,0,1
공급사07,33237006,S-BCHG03-02-24,2024-05-20,2024-04-18,14960000.0,18,2024-05-02,0,0
공급사07,36642621,E-PNYR01-01-24,2024-03-07,2024-02-19,15984.0,18,2024-02-18,1,1
공급사07,36642621,S-YKBV01-01-24,2024-03-25,2024-02-27,47952.0,18,2024-03-07,0,0
공급사07,512180,E-ZLCP01-02-24,2024-03-12,2024-02-25,23760.0,18,2024-02-23,1,1
공급사07,512180,S-SPPL01-01-24,2024-03-06,2024-02-06,237600.0,18,2024-02-17,0,0
공급사07,512180,S-YKBV01-03-24,2024-05-08,2024-04-17,4752.0,18,2024-04-20,0,1
공급사07,527182,R-RYPK01-01-24,2024-02-23,2024-02-06,780.0,18,2024-02-05,1,1
공급사07,527182,S-NSCP01-02-24,2024-03-26,2024-02-28,130000.0,18,2024-03-08,0,0
공급사07,K88A30423,S-CTNR02-03-24,2024-05-02,2024-04-08,8000000.0,18,2024-04-14,0,1
공급사08,22511900,S-YKBV01-01-24,2024-03-25,2024-02-27,800000.0,18,2024-03-07,0,0
공급사08,29986082,R-NULY02-02-24,2024-03-13,2024-02-24,748000.0,18,2024-02-24,0,1
공급사08,451818,E-ZBNV02-03-24,2024-05-14,2024-04-17,20600.0,18,2024-04-26,0,1
공급사08,494474,S-YKBV01-01-24,2024-03-25,2024-02-27,65000.0,18,2024-03-07,0,0
공급사08,5038595,E-MEYJ03-02-24,2024-05-09,2024-04-12,23760.0,18,2024-04-21,0,0
공급사08,K58A24161,S-CTNR02-03-24,2024-05-02,2024-04-08,103000.0,18,2024-04-14,0,0
공급사08,K58A24161,S-NSCP01-02-24,2024-03-26,2024-02-28,20600.0,18,2024-03-08,0,0
공급사09,2155262988,R-GKJX01-03-24,2024-05-18,2024-04-20,799200.0,18,2024-04-30,0,0
공급사09,3626894177,E-PNYR01-01-24,2024-03-07,2024-02-19,200000.0,18,2024-02-18,1,0
공급사09,3626894177,S-YKBV01-03-24,2024-05-08,2024-04-17,120000.0,18,2024-04-20,0,0
공급사09,43717929,S-SPPL01-01-24,2024-03-06,2024-02-06,36000.0,18,2024-02-17,0,0
공급사09,441883,E-MDHY02-02-24,2024-05-13,2024-04-28,1188000.0,18,2024-04-25,1,0
공급사09,441883,S-NSCP01-02-24,2024-03-26,2024-02-28,23760.0,18,2024-03-08,0,0
공급사09,455626,R-RYPK01-01-24,2024-02-23,2024-02-06,10400.0,18,2024-02-05,1,0
공급사09,784781,E-DKGD02-01-24,2024-05-18,2024-04-16,74800.0,18,2024-04-30,0,0
공급사09,8878201171,E-MDHY02-02-24,2024-05-13,2024-04-28,59400.0,18,2024-04-25,1,0
공급사09,96191930,E-ZBNV02-03-24,2024-05-14,2024-04-17,780.0,18,2024-04-26,0,0
공급사09,K23A41565,S-CTNR02-01-24,2024-02-25,2024-02-09,12500.0,18,2024-02-07,1,0
공급사09,K23A41565,S-CTNR02-03-24,2024-05-02,2024-04-08,100000.0,18,2024-04-14,0,1
공급사09,K26A92821,S-KKMK01-02-24,2024-05-18,2024-04-24,1000000.0,18,2024-04-30,0,0
공급사09,K64A66162,R-GKJX01-03-24,2024-05-18,2024-04-20,7992000.0,18,2024-04-30,0,0
공급사10,186628,E-MDHY02-02-24,2024-05-13,2024-04-28,21600.0,18,2024-04-25,1,1
공급사10,33039046,E-MDHY02-02-24,2024-05-13,2024-04-28,1800000.0,18,2024-04-25,1,0
공급사10,42580J4216,E-UCFJ02-02-24,2024-05-05,2024-04-18,125000.0,18,2024-04-17,1,0
공급사10,4438526128,E-BDSA03-02-24,2024-03-07,2024-02-11,61800.0,18,2024-02-18,0,0
공급사10,7508324285,E-PNYR01-01-24,2024-03-07,2024-02-19,61800.0,18,2024-02-18,1,0
공급사10,853365,R-MHLR01-02-24,2024-03-20,2024-02-28,6500.0,18,2024-03-02,0,1
공급사10,92051427,E-MEYJ03-01-24,2024-03-10,2024-02-09,748000.0,18,2024-02-21,0,0
공급사10,92051427,E-MEYJ03-02-24,2024-05-09,2024-04-12,2992000.0,18,2024-04-21,0,0
공급사10,92051427,E-PNYR01-01-24,2024-03-07,2024-02-19,224400.0,18,2024-02-18,1,1
공급사10,97082866,E-ZLCP01-02-24,2024-03-12,2024-02-25,100000.0,18,2024-02-23,1,1
공급사10,97082866,S-BCHG03-02-24,2024-05-20,2024-04-18,1500.0,18,2024-05-02,0,0
공급사10,9714956903,E-MEYJ03-02-24,2024-05-09,2024-04-12,4000000.0,18,2024-04-21,0,1
공급사10,9714956903,S-CWZL02-01-24,2024-02-13,2024-02-01,800000.0,18,2024-01-26,1,1
공급사10,K30A51555,E-PNYR01-01-24,2024-03-07,2024-02-19,125000.0,18,2024-02-18,1,0
공급사10,K59A70331,R-NULY02-02-24,2024-03-13,2024-02-24,7128.0,18,2024-02-24,0,0
공급사11,585945,E-PNYR01-01-24,2024-03-07,2024-02-19,1250000.0,18,2024-02-18,1,0
공급사11,65884206,E-ZLCP01-02-24,2024-03-12,2024-02-25,18700000.0,18,2024-02-23,1,0
공급사11,80191803,S-YKBV01-01-24,2024-03-25,2024-02-27,412000.0,18,2024-03-07,0,0
공급사11,K43A30633,E-ZBNV02-03-24,2024-05-14,2024-04-17,450000.0,18,2024-04-26,0,0
공급사12,1362607476,E-ZBNV02-03-24,2024-05-14,2024-04-17,2060000.0,18,2024-04-26,0,0
공급사12,14144125,S-YKBV01-03-24,2024-05-08,2024-04-17,7992000.0,18,2024-04-20,0,0
공급사12,17547593,R-NULY02-02-24,2024-03-13,2024-02-24,1440000.0,18,2024-02-24,0,0
공급사12,3520623960,E-ZBNV02-02-24,2024-03-02,2024-02-06,25000.0,18,2024-02-13,0,0
공급사12,44829D9371,E-MDHY02-02-24,2024-05-13,2024-04-28,2992000.0,18,2024-04-25,1,1
공급사12,451710,E-BDSA03-02-24,2024-03-07,2024-02-11,80000.0,18,2024-02-18,0,0
공급사12,56210938,S-LSBT03-01-24,2024-03-11,2024-02-23,319680.0,18,2024-02-22,1,0
공급사12,567420,E-MEYJ03-02-24,2024-05-09,2024-04-12,1440000.0,18,2024-04-21,0,1
공급사12,567420,E-RDFH02-02-24,2024-05-08,2024-04-17,72000.0,18,2024-04-20,0,0
공급사12,6447246547,E-ZBNV02-03-24,2024-05-14,2024-04-17,20600.0,18,2024-04-26,0,0
공급사13,1168734506,E-RDFH02-02-24,2024-05-08,2024-04-17,500.0,23,2024-04-15,1,0
공급사13,15256038,E-ZBNV02-03-24,2024-05-14,2024-04-17,1000.0,23,2024-04-21,0,0
공급사13,159368,R-MHLR01-02-24,2024-03-20,2024-02-28,10000.0,23,2024-02-26,1,1
공급사13,35977420,E-PNYR01-01-24,2024-03-07,2024-02-19,374000.0,23,2024-02-13,1,1
공급사13,35977420,E-ZBNV02-03-24,2024-05-14,2024-04-17,1496000.0,23,2024-04-21,0,0
공급사13,4065338785,E-ZBNV02-03-24,2024-05-14,2024-04-17,639360.0,23,2024-04-21,0,0
공급사13,57515256,E-UCFJ02-02-24,2024-05-05,2024-04-18,520.0,23,2024-04-12,1,0
공급사13,579104,R-GKJX01-03-24,2024-05-18,2024-04-20,2000000.0,23,2024-04-25,0,0
공급사13,642392,S-LSBT03-01-24,2024-03-11,2024-02-23,1300.0,23,2024-02-17,1,1
공급사13,68961K7318,E-ZBNV02-02-24,2024-03-02,2024-02-06,31968.0,23,2024-02-08,0,0
공급사13,68961K7318,E-ZBNV02-03-24,2024-05-14,2024-04-17,3996000.0,23,2024-04-21,0,0
공급사13,81353909,S-PXEB02-02-24,2024-03-12,2024-02-21,217000.0,23,2024-02-18,1,0
공급사13,81353909,S-SPPL01-01-24,2024-03-06,2024-02-06,173600.0,23,2024-02-12,0,0
공급사13,85121667,S-KKMK01-02-24,2024-05-18,2024-04-24,23760.0,23,2024-04-25,0,1
공급사13,91088B3289,S-FEUB02-01-24,2024-05-13,2024-04-24,10000.0,23,2024-04-20,1,0
공급사13,94601C6745,S-CTNR02-03-24,2024-05-02,2024-04-08,374000.0,23,2024-04-09,0,0
공급사13,94846F9357,S-CWZL02-01-24,2024-02-13,2024-02-01,144000.0,23,2024-01-21,1,0
공급사13,94846F9357,S-CWZL02-02-24,2024-03-22,2024-02-29,14400.0,23,2024-02-28,1,0
공급사13,959725,E-FNBP01-01-24,2024-03-02,2024-02-15,25000.0,23,2024-02-08,1,0
공급사13,K44A84857,E-FNBP01-01-24,2024-03-02,2024-02-15,500.0,23,2024-02-08,1,0
공급사13,K51A34498,E-MEYJ03-02-24,2024-05-09,2024-04-12,3196800.0,23,2024-04-16,0,0
공급사13,K56A63822,R-MHLR01-02-24,2024-03-20,2024-02-28,399600.0,23,2024-02-26,1,0
공급사13,K56A63822,R-RYPK01-01-24,2024-02-23,2024-02-06,79920.0,23,2024-01-31,1,1
공급사13,K90A60855,E-PNYR01-01-24,2024-03-07,2024-02-19,360000.0,23,2024-02-13,1,0
공급사13,K90A60855,S-PXEB02-02-24,2024-03-12,2024-02-21,3600.0,23,2024-02-18,1,0
공급사14,13061879,S-CTNR02-01-24,2024-02-25,2024-02-09,374000.0,18,2024-02-07,1,0
공급사14,1740567,S-LSBT03-01-24,2024-03-11,2024-02-23,37400000.0,18,2024-02-22,1,1
공급사14,184122,E-RDFH02-02-24,2024-05-08,2024-04-17,748000.0,18,2024-04-20,0,1
공급사14,2817995227,S-CTNR02-03-24,2024-05-02,2024-04-08,10400.0,18,2024-04-14,0,0
공급사14,29283069,S-SPPL01-01-24,2024-03-06,2024-02-06,13000.0,18,2024-02-17,0,1
공급사14,346172,E-RDFH02-02-24,2024-05-08,2024-04-17,130000.0,18,2024-04-20,0,0
공급사14,70527J3995,E-ZBNV02-03-24,2024-05-14,2024-04-17,250000.0,18,2024-04-26,0,0
공급사14,94632731,E-ZBNV02-02-24,2024-03-02,2024-02-06,217000.0,18,2024-02-13,0,0
공급사14,961482,S-YKBV01-01-24,2024-03-25,2024-02-27,79920.0,18,2024-03-07,0,1
공급사14,K66A36999,S-LSBT03-01-24,2024-03-11,2024-02-23,3600.0,18,2024-02-22,1,0
공급사14,K93A15429,E-ZBNV02-03-24,2024-05-14,2024-04-17,450000.0,18,2024-04-26,0,0
공급사15,192274,E-DKGD02-01-24,2024-05-18,2024-04-16,1496000.0,18,2024-04-30,0,0
공급사15,192274,S-KKMK01-02-24,2024-05-18,2024-04-24,18700000.0,18,2024-04-30,0,0
공급사15,192274,S-SPPL01-01-24,2024-03-06,2024-02-06,14960000.0,18,2024-02-17,0,0
공급사15,32960B7897,E-MEYJ03-02-24,2024-05-09,2024-04-12,250000.0,18,2024-04-21,0,0
공급사15,32960B7897,S-KKMK01-02-24,2024-05-18,2024-04-24,1500.0,18,2024-04-30,0,0
공급사15,468759,S-CTNR02-03-24,2024-05-02,2024-04-08,288000.0,18,2024-04-14,0,0
공급사15,468759,S-FEUB02-01-24,2024-05-13,2024-04-24,720000.0,18,2024-04-25,0,0
공급사15,74520354,R-RYPK01-01-24,2024-02-23,2024-02-06,15000.0,18,2024-02-05,1,0
공급사15,84332J2573,S-CTNR02-01-24,2024-02-25,2024-02-09,5200.0,18,2024-02-07,1,0
공급사15,K23A10586,E-UCFJ02-02-24,2024-05-05,2024-04-18,8680.0,18,2024-04-17,1,0
공급사15,K58A23200,S-CTNR02-01-24,2024-02-25,2024-02-09,2000000.0,18,2024-02-07,1,1
공급사15,K58A23200,S-SPPL01-01-24,2024-03-06,2024-02-06,400000.0,18,2024-02-17,0,0
공급사15,K91A83523,E-PNYR01-01-24,2024-03-07,2024-02-19,1500.0,18,2024-02-18,1,0
공급사15,K91A83523,R-GKJX01-01-24,2024-03-22,2024-02-20,12500.0,18,2024-03-04,0,0
공급사15,K91A83523,S-NSCP01-02-24,2024-03-26,2024-02-28,10000.0,18,2024-03-08,0,1
공급사16,218150,E-MEYJ03-02-24,2024-05-09,2024-04-12,6500.0,18,2024-04-21,0,0
공급사16,249141,E-RDFH02-02-24,2024-05-08,2024-04-17,3996000.0,18,2024-04-20,0,0
공급사16,25296B3687,E-UCFJ02-01-24,2024-03-10,2024-02-27,2170000.0,18,2024-02-21,1,1
공급사16,38789A2095,S-CTNR02-01-24,2024-02-25,2024-02-09,10300000.0,18,2024-02-07,1,1
공급사16,38789A2095,S-CWZL02-01-24,2024-02-13,2024-02-01,412000.0,18,2024-01-26,1,1
공급사16,62858726,E-MDHY02-02-24,2024-05-13,2024-04-28,520.0,18,2024-04-25,1,1
공급사16,64517439,S-CTNR02-01-24,2024-02-25,2024-02-09,47952.0,18,2024-02-07,1,1
공급사16,6855808206,E-UCFJ02-02-24,2024-05-05,2024-04-18,868000.0,18,2024-04-17,1,0
공급사16,7062698,E-RDFH02-02-24,2024-05-08,2024-04-17,2170000.0,18,2024-04-20,0,0
공급사16,80979E4162,E-UCFJ02-01-24,2024-03-10,2024-02-27,21600.0,18,2024-02-21,1,1
공급사16,87528357,E-BDSA03-02-24,2024-03-07,2024-02-11,180000.0,18,2024-02-18,0,0
공급사16,8991116414,E-UCFJ02-01-24,2024-03-10,2024-02-27,6500.0,18,2024-02-21,1,1
공급사17,1238081605,S-CTNR02-01-24,2024-02-25,2024-02-09,1030000.0,18,2024-02-07,1,1
공급사17,1238081605,S-CTNR02-03-24,2024-05-02,2024-04-08,824000.0,18,2024-04-14,0,1
공급사17,17117895,E-ZBNV02-03-24,2024-05-14,2024-04-17,45000.0,18,2024-04-26,0,0
공급사17,24318A8474,R-MHLR01-02-24,2024-03-20,2024-02-28,3740000.0,18,2024-03-02,0,1
공급사17,271994,E-DKGD02-01-24,2024-05-18,2024-04-16,475200.0,18,2024-04-30,0,0
공급사17,271994,S-CWZL02-02-24,2024-03-22,2024-02-29,7128.0,18,2024-03-04,0,1
공급사17,39535209,S-YKBV01-03-24,2024-05-08,2024-04-17,1300.0,18,2024-04-20,0,0
공급사17,57175F4819,R-GKJX01-03-24,2024-05-18,2024-04-20,237600.0,18,2024-04-30,0,0
공급사17,91691946,E-MEYJ03-02-24,2024-05-09,2024-04-12,7992000.0,18,2024-04-21,0,0
공급사17,96292010,E-ZBNV02-02-24,2024-03-02,2024-02-06,5150000.0,18,2024-02-13,0,0
공급사17,96292010,E-ZBNV02-03-24,2024-05-14,2024-04-17,10300000.0,18,2024-04-26,0,1
공급사17,9686732115,E-DKGD02-01-24,2024-05-18,2024-04-16,5000.0,18,2024-04-30,0,0
공급사17,K16A90249,E-FNBP01-01-24,2024-03-02,2024-02-15,41200.0,18,2024-02-13,1,1
공급사17,K85A57647,E-UCFJ02-01-24,2024-03-10,2024-02-27,10000.0,18,2024-02-21,1,1
공급사17,K86A92692,S-SPPL01-01-24,2024-03-06,2024-02-06,72000.0,18,2024-02-17,0,0
공급사18,1903314218,S-FEUB02-01-24,2024-05-13,2024-04-24,260.0,18,2024-04-25,0,0
공급사18,1903314218,S-YKBV01-03-24,2024-05-08,2024-04-17,26000.0,18,2024-04-20,0,1
공급사18,33689C2370,E-ZBNV02-03-24,2024-05-14,2024-04-17,319680.0,18,2024-04-26,0,1
공급사18,33689C2370,S-NSCP01-02-24,2024-03-26,2024-02-28,1598400.0,18,2024-03-08,0,0
공급사18,44536589,S-NSCP01-02-24,2024-03-26,2024-02-28,1600000.0,18,2024-03-08,0,1
공급사18,53919D6253,E-PNYR01-01-24,2024-03-07,2024-02-19,2060000.0,18,2024-02-18,1,1
공급사18,64667109,S-CWZL02-02-24,2024-03-22,2024-02-29,2600.0,18,2024-03-04,0,0
공급사18,86134096,R-NULY02-02-24,2024-03-13,2024-02-24,1250000.0,18,2024-02-24,0,0
공급사18,K70A73374,E-PNYR01-01-24,2024-03-07,2024-02-19,10000.0,18,2024-02-18,1,0
공급사18,K70A73374,S-YKBV01-03-24,2024-05-08,2024-04-17,25000.0,18,2024-04-20,0,1
공급사18,K98A43828,S-SPPL01-01-24,2024-03-06,2024-02-06,20600.0,18,2024-02-17,0,1
공급사19,107413,E-DKGD02-01-24,2024-05-18,2024-04-16,6500.0,18,2024-04-30,0,0
공급사19,107413,R-GKJX01-01-24,2024-03-22,2024-02-20,260.0,18,2024-03-04,0,1
공급사19,107413,R-GKJX01-03-24,2024-05-18,2024-04-20,5200.0,18,2024-04-30,0,0
공급사19,11741716,E-PNYR01-01-24,2024-03-07,2024-02-19,50000.0,18,2024-02-18,1,0
공급사19,2142177,E-ZLCP01-02-24,2024-03-12,2024-02-25,43400.0,18,2024-02-23,1,1
공급사19,22497B7221,S-CTNR02-03-24,2024-05-02,2024-04-08,7200.0,18,2024-04-14,0,0
공급사19,358743,E-DKGD02-01-24,2024-05-18,2024-04-16,9000.0,18,2024-04-30,0,0
공급사19,358743,S-CWZL02-02-24,2024-03-22,2024-02-29,1800.0,18,2024-03-04,0,0
공급사19,38242815,E-UCFJ02-02-24,2024-05-05,2024-04-18,41200.0,18,2024-04-17,1,0
공급사19,4243155019,E-MDHY02-02-24,2024-05-13,2024-04-28,5000.0,18,2024-04-25,1,0
공급사19,6755494285,E-BDSA03-02-24,2024-03-07,2024-02-11,72000.0,18,2024-02-18,0,0
공급사19,7118140,S-KKMK01-02-24,2024-05-18,2024-04-24,10000.0,18,2024-04-30,0,0
공급사19,75490137,S-LSBT03-01-24,2024-03-11,2024-02-23,400000.0,18,2024-02-22,1,1
공급사19,8036993375,E-ZBNV02-02-24,2024-03-02,2024-02-06,250000.0,18,2024-02-13,0,0
공급사19,8247305988,E-FNBP01-01-24,2024-03-02,2024-02-15,13000.0,18,2024-02-13,1,1
공급사19,993318,E-UCFJ02-01-24,2024-03-10,2024-02-27,95040.0,18,2024-02-21,1,1
공급사19,993318,E-UCFJ02-02-24,2024-05-05,2024-04-18,95040.0,18,2024-04-17,1,0
공급사20,10515F5091,E-MEYJ03-01-24,2024-03-10,2024-02-09,118800.0,18,2024-02-21,0,0
공급사20,1178688067,E-MEYJ03-02-24,2024-05-09,2024-04-12,7480000.0,18,2024-04-21,0,0
공급사20,3001167594,E-PNYR01-01-24,2024-03-07,2024-02-19,1870000.0,18,2024-02-18,1,1
공급사20,341613,E-PNYR01-01-24,2024-03-07,2024-02-19,120000.0,18,2024-02-18,1,0
공급사20,36698782,E-ZBNV02-03-24,2024-05-14,2024-04-17,14400.0,18,2024-04-26,0,0
공급사20,6838113,S-YKBV01-03-24,2024-05-08,2024-04-17,1600000.0,18,2024-04-20,0,0
공급사20,8042941338,E-RDFH02-02-24,2024-05-08,2024-04-17,2500.0,18,2024-04-20,0,0
공급사20,8042941338,S-CTNR02-01-24,2024-02-25,2024-02-09,12500.0,18,2024-02-07,1,0
공급사20,8221063330,R-GKJX01-03-24,2024-05-18,2024-04-20,74800.0,18,2024-04-30,0,0
공급사20,86753G3543,R-GKJX01-03-24,2024-05-18,2024-04-20,639360.0,18,2024-04-30,0,0
공급사20,887558,R-GKJX01-03-24,2024-05-18,2024-04-20,125000.0,18,2024-04-30,0,0
공급사20,90221985,R-GKJX01-01-24,2024-03-22,2024-02-20,47520.0,18,2024-03-04,0,0
공급사20,9054197,S-YKBV01-03-24,2024-05-08,2024-04-17,8000000.0,18,2024-04-20,0,0
공급사21,270010,E-PNYR01-01-24,2024-03-07,2024-02-19,250000.0,18,2024-02-18,1,0
공급사21,270010,S-LSBT03-01-24,2024-03-11,2024-02-23,25000.0,18,2024-02-22,1,0
공급사21,297245,S-YKBV01-03-24,2024-05-08,2024-04-17,100000.0,18,2024-04-20,0,1
공급사21,357896,S-YKBV01-01-24,2024-03-25,2024-02-27,3996000.0,18,2024-03-07,0,1
공급사21,41229B5512,S-CTNR02-03-24,2024-05-02,2024-04-08,1500.0,18,2024-04-14,0,0
공급사21,5249337387,E-MDHY02-02-24,2024-05-13,2024-04-28,36000.0,18,2024-04-25,1,1
공급사21,587026,S-CTNR02-03-24,2024-05-02,2024-04-08,72000.0,18,2024-04-14,0,1
공급사21,821793,E-MDHY02-02-24,2024-05-13,2024-04-28,5150000.0,18,2024-04-25,1,0
공급사21,821793,E-ZBNV02-03-24,2024-05-14,2024-04-17,1030000.0,18,2024-04-26,0,0
공급사21,82866452,S-YSMR03-03-24,2024-05-12,2024-04-20,515000.0,18,2024-04-24,0,0
공급사21,8328583859,S-CTNR02-01-24,2024-02-25,2024-02-09,1085000.0,18,2024-02-07,1,0
공급사21,99150B5084,E-UCFJ02-01-24,2024-03-10,2024-02-27,1500.0,18,2024-02-21,1,0
공급사21,99150B5084,E-UCFJ02-02-24,2024-05-05,2024-04-18,125000.0,18,2024-04-17,1,0
공급사21,K42A40159,S-CWZL02-01-24,2024-02-13,2024-02-01,594000.0,18,2024-01-26,1,1
공급사22,19668079,E-UCFJ02-01-24,2024-03-10,2024-02-27,130000.0,18,2024-02-21,1,0
공급사22,32948893,E-RDFH02-02-24,2024-05-08,2024-04-17,10000.0,18,2024-04-20,0,0
공급사22,32948893,R-GKJX01-03-24,2024-05-18,2024-04-20,50000.0,18,2024-04-30,0,0
공급사22,4757734164,E-RDFH02-02-24,2024-05-08,2024-04-17,2600.0,18,2024-04-20,0,1
공급사22,4951695130,E-MEYJ03-01-24,2024-03-10,2024-02-09,47520.0,18,2024-02-21,0,1
공급사22,4951695130,E-MEYJ03-02-24,2024-05-09,2024-04-12,475200.0,18,2024-04-21,0,0
공급사22,5217617667,E-DKGD02-01-24,2024-05-18,2024-04-16,200000.0,18,2024-04-30,0,0
공급사22,567828,E-RDFH02-02-24,2024-05-08,2024-04-17,360000.0,18,2024-04-20,0,0
공급사22,70215K1743,E-MEYJ03-01-24,2024-03-10,2024-02-09,1440000.0,18,2024-02-21,0,0
공급사22,70215K1743,E-MEYJ03-02-24,2024-05-09,2024-04-12,3600000.0,18,2024-04-21,0,0
공급사22,76377450,S-LSBT03-01-24,2024-03-11,2024-02-23,374000.0,18,2024-02-22,1,0
공급사22,942028,S-NSCP01-02-24,2024-03-26,2024-02-28,1000000.0,18,2024-03-08,0,0
공급사22,942028,S-YKBV01-01-24,2024-03-25,2024-02-27,10000.0,18,2024-03-07,0,0
공급사22,K66A21989,R-NULY02-04-24,2024-05-02,2024-04-12,50000.0,18,2024-04-14,0,0
공급사22,K74A82954,S-LSBT03-01-24,2024-03-11,2024-02-23,374000.0,18,2024-02-22,1,1
공급사23,15427E9912,S-SPPL01-01-24,2024-03-06,2024-02-06,1440000.0,14,2024-02-21,0,0
공급사23,17011J5876,R-GKJX01-03-24,2024-05-18,2024-04-20,43400.0,14,2024-05-04,0,0
공급사23,17011J5876,S-FEUB02-01-24,2024-05-13,2024-04-24,21700.0,14,2024-04-29,0,0
공급사23,1726469272,S-CTNR02-01-24,2024-02-25,2024-02-09,3996000.0,14,2024-02-11,0,0
공급사23,19964J5150,S-PXEB02-02-24,2024-03-12,2024-02-21,237600.0,14,2024-02-27,0,0
공급사23,20470941,E-ZLCP01-02-24,2024-03-12,2024-02-25,2376.0,14,2024-02-27,0,0
공급사23,20470941,S-YKBV01-01-24,2024-03-25,2024-02-27,47520.0,14,2024-03-11,0,0
공급사23,20470941,S-YKBV01-03-24,2024-05-08,2024-04-17,7128.0,14,2024-04-24,0,0
공급사23,2311885967,S-YSMR03-03-24,2024-05-12,2024-04-20,20000.0,14,2024-04-28,0,0
공급사23,25674G9540,E-PNYR01-01-24,2024-03-07,2024-02-19,86800.0,14,2024-02-22,0,0
공급사23,26281E8086,E-UCFJ02-02-24,2024-05-05,2024-04-18,4752.0,14,2024-04-21,0,0
공급사23,30358E6297,R-NULY02-04-24,2024-05-02,2024-04-12,11880.0,14,2024-04-18,0,0
공급사23,66289308,E-RDFH02-02-24,2024-05-08,2024-04-17,20600.0,14,2024-04-24,0,0
공급사23,66289308,S-YSMR03-03-24,2024-05-12,2024-04-20,824000.0,14,2024-04-28,0,0
공급사23,67602238,E-RDFH02-02-24,2024-05-08,2024-04-17,1598400.0,14,2024-04-24,0,0
공급사23,7259416066,E-RDFH02-02-24,2024-05-08,2024-04-17,4340.0,14,2024-04-24,0,1
공급사23,940380,E-MDHY02-02-24,2024-05-13,2024-04-28,5200.0,14,2024-04-29,0,0
공급사23,940380,E-PNYR01-01-24,2024-03-07,2024-02-19,130000.0,14,2024-02-22,0,0
공급사23,99079B7759,S-YKBV01-03-24,2024-05-08,2024-04-17,3600000.0,14,2024-04-24,0,0
공급사23,K80A91958,E-RDFH02-02-24,2024-05-08,2024-04-17,10000.0,14,2024-04-24,0,0
공급사23,K80A91958,E-UCFJ02-02-24,2024-05-05,2024-04-18,1500.0,14,2024-04-21,0,0
공급사23,K80A91958,S-CTNR02-03-24,2024-05-02,2024-04-08,20000.0,14,2024-04-18,0,0
공급사23,K80A91958,S-FEUB02-01-24,2024-05-13,2024-04-24,5000.0,14,2024-04-29,0,0
공급사24,13276826,R-NULY02-04-24,2024-05-02,2024-04-12,2992000.0,18,2024-04-14,0,0
공급사24,26153788,E-MEYJ03-01-24,2024-03-10,2024-02-09,1085000.0,18,2024-02-21,0,0
공급사24,26153788,E-MEYJ03-02-24,2024-05-09,2024-04-12,173600.0,18,2024-04-21,0,0
공급사24,26153788,S-YKBV01-03-24,2024-05-08,2024-04-17,217000.0,18,2024-04-20,0,0
공급사24,667517,S-CTNR02-03-24,2024-05-02,2024-04-08,120000.0,18,2024-04-14,0,0
공급사24,88000090,S-KKMK01-02-24,2024-05-18,2024-04-24,639360.0,18,2024-04-30,0,0
공급사24,977857,S-NSCP01-02-24,2024-03-26,2024-02-28,72000.0,18,2024-03-08,0,0
공급사24,K19A86609,S-CTNR02-03-24,2024-05-02,2024-04-08,7992000.0,18,2024-04-14,0,0
공급사24,K34A45934,S-CWZL02-02-24,2024-03-22,2024-02-29,1440000.0,18,2024-03-04,0,1
공급사24,K36A79518,S-FEUB02-01-24,2024-05-13,2024-04-24,25000.0,18,2024-04-25,0,0
공급사24,K71A78106,S-YKBV01-03-24,2024-05-08,2024-04-17,374000.0,18,2024-04-20,0,0
공급사25,14163449,R-NULY02-02-24,2024-03-13,2024-02-24,1000000.0,18,2024-02-24,0,0
공급사25,14163449,R-RYPK01-01-24,2024-02-23,2024-02-06,10000.0,18,2024-02-05,1,0
공급사25,170356,S-YKBV01-03-24,2024-05-08,2024-04-17,360000.0,18,2024-04-20,0,0
공급사25,28644689,R-NULY02-02-24,2024-03-13,2024-02-24,23760.0,18,2024-02-24,0,0
공급사25,28644689,R-NULY02-04-24,2024-05-02,2024-04-12,594000.0,18,2024-04-14,0,0
공급사25,3662831554,S-CTNR02-03-24,2024-05-02,2024-04-08,1496000.0,18,2024-04-14,0,1
공급사25,648310,E-DKGD02-01-24,2024-05-18,2024-04-16,100000.0,18,2024-04-30,0,0
공급사25,71546908,R-NULY02-02-24,2024-03-13,2024-02-24,1800000.0,18,2024-02-24,0,0
공급사25,974858,E-MDHY02-02-24,2024-05-13,2024-04-28,237600.0,18,2024-04-25,1,0
공급사25,K30A71983,R-NULY02-04-24,2024-05-02,2024-04-12,2170000.0,18,2024-04-14,0,0
공급사25,K81A71955,S-CTNR02-03-24,2024-05-02,2024-04-08,720000.0,18,2024-04-14,0,1
공급사25,K81A71955,S-YKBV01-03-24,2024-05-08,2024-04-17,14400.0,18,2024-04-20,0,0
