supplier,on_time_lines,late_lines,late_rate_pct,avg_days_late,late_amount_mil,avg_lead_days,p80_lead,basis
공급사01,7,7,50.0,9.0,2.9,18.4,18,전체 기준(표본 부족)
공급사02,11,6,35.3,13.0,3.6,12.3,18,전체 기준(표본 부족)
공급사03,6,4,40.0,22.5,4.0,19.4,18,전체 기준(표본 부족)
공급사04,10,2,16.7,12.0,0.3,10.9,18,전체 기준(표본 부족)
공급사05,14,2,12.5,11.5,1.1,10.9,18,전체 기준(표본 부족)
공급사07,8,7,46.7,20.3,8.6,17.5,18,전체 기준(표본 부족)
공급사09,13,1,7.1,22.0,0.1,7.4,18,전체 기준(표본 부족)
공급사10,9,3,25.0,16.3,0.9,7.6,18,전체 기준(표본 부족)
공급사12,8,2,20.0,3.5,4.4,12.4,18,전체 기준(표본 부족)
공급사13,20,3,13.0,15.7,0.4,13.1,23,거래처 기준
공급사15,13,1,7.1,15.0,2.0,12.9,18,전체 기준(표본 부족)
공급사16,5,7,58.3,15.7,13.0,19.3,18,전체 기준(표본 부족)
공급사17,8,7,46.7,8.3,16.0,16.5,18,전체 기준(표본 부족)
공급사18,5,6,54.5,19.5,4.1,17.0,18,전체 기준(표본 부족)
공급사19,12,5,29.4,4.8,0.6,18.3,18,전체 기준(표본 부족)
공급사20,12,1,7.7,27.0,1.9,6.3,18,전체 기준(표본 부족)
공급사21,9,5,35.7,9.6,4.8,12.8,18,전체 기준(표본 부족)
공급사22,12,2,14.3,3.0,0.4,13.1,18,전체 기준(표본 부족)
공급사23,22,0,0.0,,0.0,8.4,14,거래처 기준
공급사24,10,0,0.0,,0.0,8.6,18,전체 기준(표본 부족)
공급사25,10,2,16.7,18.0,2.2,11.2,18,전체 기준(표본 부족)
